,day,time,age_0-4,age_10-14,age_15-19,age_20-24,age_25-29,age_30-34,age_35-39,age_40-44,age_45-49,age_5-9,age_50-54,age_55-59,age_>60,involve_truck,involve_car,involve_motorcycle,involve_bicycle,involve_train,involve_bus,target
3046,Tuesday,sore,1,0,0,0,1,0,0,0,0,0,0,0,0,0,0,1,0,0,0,0
3659,Tuesday,malam,0,0,0,0,1,0,0,0,1,0,0,0,0,1,0,0,0,0,0,0
3033,Tuesday,malam,0,0,0,1,0,0,0,0,0,0,0,1,1,1,0,1,1,0,0,1
3665,Monday,siang,0,0,0,0,0,1,0,0,1,0,0,0,1,1,0,1,0,0,0,1
7,Sunday,sore,0,0,0,1,0,0,0,0,0,0,0,0,0,0,1,1,0,0,0,0
511,Sunday,sore,1,0,0,0,0,0,0,0,0,0,0,0,1,1,0,0,0,0,0,1
3073,Sunday,siang,1,0,1,0,0,0,0,0,1,1,0,0,0,1,1,0,0,0,0,0
512,Sunday,siang,0,0,0,0,0,0,0,0,1,0,0,0,0,0,1,0,0,0,0,0
514,Saturday,pagi,0,0,0,0,1,0,0,0,0,0,0,0,0,0,0,0,0,1,0,1
3666,Wednesday,malam,0,0,0,0,0,0,1,0,0,0,1,0,0,1,0,1,0,0,0,1
3667,Tuesday,pagi,0,0,0,0,1,0,0,0,0,0,0,0,0,0,0,1,0,1,0,1
516,Tuesday,pagi,0,0,0,0,0,1,0,0,0,0,0,0,0,0,1,0,0,0,0,0
829,Sunday,pagi,0,0,1,0,0,0,0,0,0,0,0,0,0,1,0,1,0,0,0,1
828,Sunday,malam,0,0,0,0,1,0,1,0,0,0,0,0,1,0,1,1,0,0,0,0
13,Saturday,pagi,0,0,0,0,1,0,0,0,0,0,0,0,0,1,0,0,0,0,0,0
3203,Friday,siang,0,0,1,0,0,0,0,1,0,0,0,0,0,1,0,0,0,0,0,0
3668,Thursday,siang,0,0,0,0,0,1,1,1,0,0,0,1,0,1,1,1,0,0,0,1
518,Thursday,siang,0,0,0,0,0,1,0,0,0,0,0,1,0,1,0,1,0,0,0,1
3226,Thursday,pagi,0,0,0,0,0,0,0,0,1,0,0,0,0,0,0,0,0,1,0,1
519,Thursday,pagi,0,0,0,0,0,0,1,1,1,0,0,0,0,1,1,0,0,0,0,0
3204,Thursday,malam,0,0,0,0,0,0,0,0,0,0,0,1,0,0,0,1,0,0,0,0
3745,Thursday,malam,0,0,0,0,0,0,0,1,0,0,0,1,0,1,0,1,0,0,0,1
831,Wednesday,malam,0,1,1,0,0,0,0,1,0,0,0,0,0,0,1,1,0,0,0,1
3253,Tuesday,siang,0,0,0,1,0,0,1,0,1,0,0,0,0,1,0,1,0,0,0,1
1299,Tuesday,pagi,0,0,0,0,0,0,1,0,0,0,1,0,0,1,0,0,0,0,0,1
3671,Monday,pagi,0,0,0,0,0,1,0,0,0,0,0,0,0,1,0,0,0,0,0,0
3250,Monday,pagi,0,0,0,1,0,0,0,0,0,0,1,0,0,0,1,1,0,0,0,1
3282,Saturday,pagi,0,0,0,0,0,1,0,1,0,0,0,0,0,0,0,1,0,0,0,1
3280,Saturday,malam,0,0,1,0,0,0,0,0,1,0,0,0,0,1,0,1,0,0,0,1
835,Saturday,malam,0,0,1,1,0,0,0,0,0,0,0,0,0,0,1,1,0,0,0,1
3673,Thursday,pagi,0,0,0,1,0,0,0,0,0,0,0,0,0,0,1,1,0,0,0,1
3325,Thursday,pagi,0,0,0,1,0,0,0,1,0,0,0,0,0,1,0,1,0,0,0,1
3328,Wednesday,pagi,0,0,1,0,1,1,0,0,0,0,0,0,0,0,1,0,0,0,0,1
3674,Tuesday,malam,0,0,0,1,0,0,0,1,0,0,0,0,0,1,0,1,0,0,0,1
3675,Monday,pagi,0,0,0,0,0,0,0,1,0,0,0,1,0,1,0,1,0,0,0,1
530,Monday,pagi,0,0,0,0,0,1,0,1,0,0,0,0,0,1,0,1,0,0,0,1
532,Saturday,pagi,0,0,1,0,0,0,0,0,0,0,0,0,0,1,1,1,0,0,0,0
533,Saturday,pagi,0,0,0,0,0,0,1,0,0,0,0,0,0,1,1,1,0,0,0,0
534,Friday,malam,0,0,1,0,0,0,0,0,0,0,0,0,0,0,1,0,0,0,0,0
36,Thursday,pagi,0,0,0,0,1,0,0,1,1,0,0,0,1,1,1,0,0,0,0,1
45,Thursday,pagi,0,1,0,0,0,0,0,0,0,0,0,0,0,1,0,0,0,0,0,1
47,Wednesday,malam,0,0,0,1,0,0,0,0,0,1,0,0,0,1,0,1,0,0,0,1
3759,Tuesday,pagi,0,0,0,0,0,0,1,1,0,0,0,0,0,1,1,1,0,0,0,1
838,Tuesday,malam,0,0,0,0,0,1,0,0,0,0,0,0,0,0,0,1,0,0,0,1
3677,Monday,pagi,0,0,0,0,0,0,0,0,0,1,0,1,0,0,0,1,0,0,0,1
2894,Monday,pagi,0,0,0,0,0,0,1,0,0,0,0,0,0,0,0,1,0,0,0,1
2619,Monday,pagi,0,0,0,0,1,1,1,0,1,0,0,0,0,1,1,1,0,0,0,0
3679,Saturday,siang,0,0,0,0,1,0,1,0,0,0,0,0,0,1,0,0,0,0,0,0
3683,Friday,pagi,0,0,0,0,1,0,0,0,0,0,0,0,0,0,0,1,0,0,0,1
3682,Thursday,sore,0,0,0,1,0,0,0,0,0,0,0,0,0,0,0,0,0,1,0,1
3680,Thursday,pagi,0,0,1,0,0,0,0,0,0,0,0,1,0,1,0,1,0,0,0,0
3504,Monday,pagi,0,0,0,1,0,1,0,0,0,0,0,0,0,0,1,1,0,0,0,1
845,Sunday,sore,0,0,0,0,1,0,0,0,0,0,0,0,0,0,1,0,0,0,0,0
3509,Sunday,pagi,0,0,0,0,0,0,1,1,1,0,0,0,0,0,1,1,0,0,0,1
1877,Sunday,malam,0,1,1,0,0,0,0,0,0,0,0,0,1,0,0,1,0,0,1,1
2096,Saturday,malam,0,0,0,0,0,0,0,1,0,0,0,0,0,0,0,1,0,0,0,0
850,Friday,siang,0,1,0,1,0,1,0,0,1,0,0,0,0,1,0,1,0,0,0,1
3534,Tuesday,siang,0,0,0,0,1,0,1,0,0,0,0,0,0,0,1,1,0,0,0,0
853,Tuesday,malam,0,0,0,0,1,1,0,0,0,0,0,0,0,0,1,1,0,0,0,0
2650,Monday,pagi,0,0,0,0,0,0,0,1,1,1,0,0,0,1,0,1,0,0,1,1
3535,Thursday,siang,0,0,0,0,0,0,0,0,0,0,1,0,0,0,0,1,0,1,0,1
2849,Thursday,siang,0,0,1,0,1,0,0,0,0,0,0,0,0,0,0,1,0,0,0,0
3774,Thursday,malam,0,0,1,0,0,0,0,0,0,0,0,0,0,0,1,0,0,0,0,0
3689,Wednesday,malam,0,0,0,0,0,0,0,1,1,0,0,0,0,0,0,1,0,0,0,0
861,Wednesday,malam,0,0,0,0,0,0,0,0,0,0,1,0,0,0,1,1,0,0,0,0
3536,Tuesday,siang,0,0,0,0,0,0,0,1,0,0,0,0,0,0,1,0,0,1,0,1
111,Monday,pagi,0,0,0,0,1,0,0,0,0,0,0,0,0,0,1,0,0,0,0,0
109,Monday,malam,0,0,0,0,1,0,0,0,0,0,0,0,0,1,1,0,0,0,0,1
863,Saturday,sore,0,0,0,1,0,1,0,0,0,0,0,0,0,0,1,0,0,0,0,1
114,Saturday,siang,0,0,0,0,0,0,1,0,0,0,0,0,0,1,1,0,0,0,0,0
3400,Friday,pagi,0,0,0,0,0,0,1,0,0,0,1,0,0,0,0,1,0,0,0,0
3537,Friday,malam,0,0,0,0,0,0,0,0,0,0,1,0,1,1,0,0,0,0,0,0
868,Tuesday,siang,0,0,0,0,1,0,0,0,0,0,0,0,0,0,0,1,0,0,0,0
869,Tuesday,pagi,0,0,0,0,0,1,0,0,0,0,0,1,0,1,1,0,0,0,0,0
567,Sunday,malam,0,0,0,0,1,0,0,0,0,0,0,0,0,1,1,0,0,0,0,1
872,Sunday,malam,0,0,0,0,1,0,0,0,0,0,0,0,0,1,0,1,0,0,0,1
123,Friday,pagi,0,0,0,0,0,1,0,0,0,0,0,0,0,1,0,0,0,0,0,0
3539,Thursday,pagi,0,0,1,0,0,0,0,0,1,0,0,0,0,1,0,1,0,0,0,1
877,Wednesday,pagi,0,0,0,0,1,0,0,0,0,0,0,0,0,1,1,0,0,0,0,0
130,Monday,pagi,0,0,0,0,0,0,0,1,0,0,0,0,1,1,0,0,0,0,0,1
881,Sunday,malam,0,0,0,0,0,0,0,0,0,0,0,0,1,0,0,1,0,0,0,0
3695,Saturday,malam,0,0,0,1,0,0,0,0,1,0,0,1,0,0,0,1,0,0,0,1
136,Thursday,malam,0,0,0,0,1,0,0,0,0,0,0,0,0,0,1,0,1,0,0,0
147,Monday,sore,0,0,0,0,0,1,0,0,0,0,0,0,0,0,1,0,0,0,0,0
149,Sunday,pagi,0,0,0,1,0,0,0,0,0,0,1,0,0,0,0,1,0,0,0,1
3543,Tuesday,sore,0,0,0,0,0,0,0,0,0,0,0,1,1,0,1,1,0,0,0,1
889,Tuesday,pagi,0,0,0,1,0,0,0,0,1,0,0,1,0,1,1,0,0,0,0,0
3542,Tuesday,pagi,0,0,0,0,0,1,0,0,0,0,0,0,0,1,0,0,0,0,0,0
891,Monday,siang,0,0,0,0,1,0,0,1,1,0,0,1,0,1,1,1,0,0,0,0
1404,Monday,pagi,0,0,0,0,0,0,1,1,1,1,0,1,0,0,1,0,0,1,0,0
2865,Monday,pagi,1,0,0,0,0,0,1,1,0,0,0,0,0,0,1,0,0,0,0,0
167,Saturday,siang,0,0,0,0,0,0,0,0,1,0,0,0,0,1,1,0,0,0,1,0
166,Friday,malam,0,0,0,1,0,0,1,0,0,0,1,0,0,0,1,1,0,0,0,0
3798,Thursday,sore,0,0,0,0,1,0,0,0,0,0,0,0,0,1,0,1,0,0,0,0
895,Thursday,pagi,0,0,0,0,0,1,0,0,0,0,0,0,0,1,0,1,0,0,0,1
896,Wednesday,pagi,0,0,0,1,0,0,0,0,0,0,0,0,0,1,0,0,0,0,0,0
2659,Wednesday,malam,0,0,0,1,1,0,1,0,0,0,1,1,0,0,1,0,0,0,1,0
173,Wednesday,malam,0,0,0,1,1,0,1,0,0,0,0,0,0,0,0,0,0,0,1,1
589,Wednesday,malam,0,0,0,0,0,0,1,0,0,0,0,0,0,1,0,0,0,0,0,0
176,Tuesday,pagi,0,0,1,0,0,0,0,1,0,0,0,0,0,1,0,1,0,0,0,1
179,Tuesday,malam,0,0,0,1,0,0,0,0,0,0,0,0,0,0,1,0,0,0,0,1
900,Thursday,sore,0,0,0,0,0,0,0,0,0,0,0,0,1,1,0,0,1,0,0,1
899,Thursday,pagi,0,0,0,0,0,1,1,0,0,0,0,0,0,1,0,0,0,0,0,0
3545,Tuesday,pagi,0,0,0,0,1,0,0,0,0,0,0,0,1,1,0,1,0,0,0,1
593,Monday,siang,0,0,0,0,0,0,0,0,0,0,1,0,0,0,0,0,0,0,1,0
595,Monday,pagi,0,0,0,0,0,0,0,1,0,0,0,0,0,0,1,0,0,0,0,0
3547,Sunday,siang,0,0,1,0,0,0,1,0,0,0,0,0,0,0,0,1,0,0,0,0
3809,Saturday,malam,0,0,0,0,0,0,1,0,0,0,0,0,0,0,0,1,0,0,0,0
3548,Thursday,pagi,0,0,0,0,0,0,1,0,1,0,0,0,0,0,1,0,1,0,0,1
597,Tuesday,pagi,0,0,0,0,0,0,1,0,0,0,0,0,0,1,0,0,0,0,0,0
195,Monday,pagi,0,0,0,0,1,1,0,0,0,0,0,1,0,1,1,0,0,0,0,1
2628,Sunday,siang,0,0,0,1,0,0,0,0,0,0,0,0,0,0,0,0,0,1,0,1
3553,Friday,pagi,0,0,0,0,0,0,0,0,0,0,0,1,0,0,1,1,0,0,0,0
3707,Wednesday,siang,0,0,0,0,0,0,1,0,0,0,0,0,0,1,0,0,0,0,1,0
907,Wednesday,malam,0,0,0,0,0,0,0,0,0,0,0,0,1,1,1,1,0,0,0,1
910,Sunday,pagi,0,0,0,0,0,1,0,0,0,0,0,0,0,0,0,1,0,0,0,1
911,Saturday,malam,0,0,0,0,0,0,1,1,1,1,1,0,0,1,0,1,0,0,1,0
3555,Friday,pagi,0,0,1,1,0,1,0,1,1,1,0,0,0,1,1,1,0,0,0,0
207,Friday,pagi,0,0,0,0,1,0,0,0,0,0,0,0,0,1,1,1,0,0,0,1
3709,Thursday,sore,0,0,0,0,1,0,0,1,1,0,0,0,0,1,0,1,0,0,0,1
2667,Thursday,pagi,0,0,0,1,0,1,0,0,0,0,0,0,0,1,0,0,0,0,0,1
3710,Thursday,pagi,0,0,1,0,0,1,0,0,0,0,1,0,0,0,1,1,0,0,0,0
615,Wednesday,siang,0,0,0,0,0,0,0,1,1,0,0,0,0,1,0,1,0,0,0,1
2668,Wednesday,pagi,0,0,0,0,0,1,0,0,0,0,0,1,0,0,0,1,0,0,0,1
3712,Tuesday,pagi,0,0,0,0,1,0,0,0,0,0,1,0,0,1,0,1,0,0,0,1
3711,Tuesday,malam,0,0,0,0,0,0,0,0,0,0,0,1,0,0,0,1,0,0,0,1
2629,Tuesday,malam,0,0,0,0,0,0,0,1,0,0,0,0,0,1,0,0,0,0,0,0
225,Monday,pagi,0,0,0,0,1,0,0,1,0,0,0,0,0,1,1,0,0,0,0,1
231,Sunday,malam,0,0,1,0,0,0,0,0,0,0,1,0,0,0,0,1,0,0,1,1
3557,Friday,malam,0,0,0,0,0,0,0,1,0,0,0,1,0,0,0,1,0,0,0,0
2672,Thursday,pagi,0,0,1,0,0,0,0,0,0,0,1,0,0,1,1,1,0,0,0,0
3558,Thursday,malam,0,0,0,0,0,0,0,0,0,0,0,1,0,0,0,1,0,0,0,0
3714,Tuesday,sore,0,0,0,0,0,0,0,1,1,0,0,0,0,0,0,1,1,0,0,0
923,Monday,pagi,0,0,0,1,0,0,0,1,0,0,0,0,1,1,0,1,0,0,0,1
3715,Monday,pagi,0,0,1,0,0,0,0,0,1,0,0,0,0,1,0,1,0,0,0,1
924,Sunday,pagi,0,0,0,0,0,0,0,0,1,0,0,0,0,1,0,0,0,0,0,0
2676,Saturday,malam,0,0,0,1,0,0,0,0,1,0,0,0,0,1,0,1,0,0,0,1
3718,Friday,pagi,1,0,1,0,0,0,1,0,1,0,0,0,0,0,1,1,0,0,0,1
246,Friday,pagi,0,0,0,0,0,0,0,0,0,0,0,1,0,0,0,1,0,1,0,1
3560,Friday,pagi,0,0,0,0,0,0,0,0,0,0,0,1,1,0,0,1,0,1,0,0
2679,Tuesday,siang,0,0,0,0,0,0,0,1,0,0,1,0,0,1,0,0,0,0,0,0
3720,Tuesday,pagi,0,0,0,0,0,0,0,0,0,0,1,1,0,1,0,1,0,0,0,0
929,Tuesday,pagi,0,0,0,0,0,0,1,0,0,0,0,0,0,0,0,0,0,0,0,0
3719,Tuesday,malam,0,0,0,0,0,1,0,0,0,0,0,0,0,0,1,0,0,0,0,0
933,Monday,pagi,0,0,0,0,0,0,0,0,0,0,1,0,1,1,0,1,0,0,0,0
931,Monday,malam,0,0,1,0,1,0,0,0,0,0,0,0,1,0,0,1,0,0,0,1
930,Sunday,malam,0,0,0,1,0,0,0,0,1,0,0,0,0,0,0,1,0,0,1,0
937,Saturday,malam,0,0,0,0,0,0,0,0,1,0,0,0,0,0,0,1,0,0,0,0
1488,Saturday,malam,0,0,1,1,0,0,0,0,0,0,0,0,0,0,0,1,0,0,0,1
3834,Saturday,malam,0,0,1,0,0,1,0,0,0,0,0,0,0,1,0,1,0,0,0,1
251,Thursday,pagi,0,0,0,0,0,1,0,0,0,0,0,0,0,1,0,0,0,0,0,0
942,Tuesday,siang,0,0,0,0,0,0,0,1,0,0,1,0,1,1,1,0,0,0,1,1
632,Tuesday,siang,0,0,0,0,0,0,0,1,0,0,1,0,1,1,0,0,0,0,0,1
944,Monday,pagi,0,0,1,0,0,0,0,0,0,0,0,0,1,0,0,1,0,0,0,0
3725,Friday,pagi,0,0,0,1,1,0,0,0,0,0,0,0,0,1,1,0,0,0,0,0
254,Friday,malam,0,0,0,0,0,0,0,0,0,0,1,0,0,1,0,1,0,0,0,1
947,Thursday,sore,0,0,0,0,0,0,0,0,0,0,1,0,0,1,0,1,0,0,0,1
1493,Thursday,sore,0,0,0,0,0,0,0,0,0,0,0,0,1,1,1,1,0,0,1,1
255,Thursday,sore,0,0,0,1,0,0,0,1,0,1,0,0,0,1,0,1,0,0,0,1
941,Thursday,malam,0,0,0,0,0,0,1,1,0,0,0,0,0,1,1,0,0,0,0,0
946,Thursday,malam,0,0,0,1,0,0,0,1,0,1,0,0,0,1,1,0,0,0,0,1
3567,Wednesday,malam,0,0,1,1,0,0,1,0,0,0,0,0,0,0,1,1,0,0,0,0
3727,Tuesday,pagi,0,0,0,0,1,1,0,0,0,0,0,0,0,1,1,1,0,0,0,1
951,Monday,malam,0,0,1,0,0,0,0,0,1,0,0,0,0,1,0,1,0,0,0,1
953,Sunday,pagi,0,0,0,1,0,1,0,0,0,0,0,1,0,1,0,1,0,0,0,0
636,Sunday,pagi,0,0,0,1,1,1,0,0,0,0,0,0,0,0,1,0,0,0,0,0
2889,Thursday,pagi,0,0,0,0,0,0,0,0,0,0,0,0,1,0,1,0,0,0,0,1
232,Thursday,pagi,0,0,0,0,0,0,0,0,0,0,0,0,1,0,1,1,0,1,0,1
954,Wednesday,malam,0,0,0,0,0,0,0,0,1,0,0,0,0,0,0,1,0,0,1,0
638,Tuesday,siang,0,1,0,0,1,0,0,0,0,0,0,0,0,0,1,0,0,0,0,0
637,Tuesday,malam,0,0,1,0,0,0,0,0,0,0,0,0,1,0,1,0,0,0,0,1
268,Saturday,siang,1,0,1,1,1,0,0,0,0,0,0,0,0,0,1,0,0,0,0,1
3573,Friday,pagi,0,0,1,0,0,0,0,0,0,0,0,0,0,0,0,1,0,0,0,0
2945,Thursday,siang,0,0,0,0,1,0,1,1,0,0,0,0,0,0,1,1,0,0,0,0
3575,Wednesday,siang,0,0,0,1,1,0,0,0,0,0,0,0,0,0,1,0,0,1,0,0
3576,Monday,malam,0,0,0,0,1,1,0,0,0,1,0,0,0,0,1,0,0,0,1,0
3577,Sunday,siang,0,0,0,0,0,1,0,0,1,0,0,0,0,0,0,1,0,0,0,1
2693,Sunday,pagi,0,0,1,1,0,0,0,0,0,0,0,0,0,0,0,1,0,0,0,1
964,Saturday,siang,0,0,0,0,0,0,0,1,0,0,0,0,0,0,0,1,0,0,0,1
3734,Thursday,pagi,0,0,1,0,0,1,0,0,0,0,0,0,0,1,0,1,0,0,0,1
968,Sunday,malam,0,0,0,0,1,1,0,1,0,0,0,0,0,0,0,1,0,0,0,0
971,Saturday,pagi,0,0,0,0,1,1,0,0,0,0,0,0,1,1,1,1,0,0,0,0
972,Saturday,pagi,0,0,0,0,0,0,1,0,0,0,1,0,0,1,1,0,0,0,0,0
3736,Saturday,pagi,0,0,0,0,0,0,0,0,0,0,0,1,0,0,0,1,0,0,0,0
2456,Saturday,malam,0,0,0,0,0,0,1,1,0,0,0,1,0,0,0,1,0,0,0,1
3737,Friday,siang,0,0,1,0,0,0,1,0,0,0,0,1,1,1,1,1,0,0,0,0
689,Friday,pagi,1,0,0,0,0,0,0,0,0,0,0,0,0,1,1,0,0,0,0,1
649,Friday,pagi,0,0,0,1,0,0,0,0,0,0,0,0,0,0,1,0,0,0,0,0
977,Monday,siang,0,0,0,0,0,0,0,1,0,0,1,0,0,1,1,0,0,0,0,1
2475,Friday,pagi,0,0,0,0,1,0,0,0,0,0,0,0,0,1,0,1,0,0,0,1
1278,Monday,siang,0,0,0,0,1,0,0,0,0,0,0,0,1,0,1,1,0,0,0,1
3582,Monday,malam,0,0,0,0,1,0,0,0,0,0,0,0,0,0,0,1,0,0,0,1
982,Sunday,pagi,0,0,1,0,0,0,0,0,0,0,0,0,0,0,0,1,0,0,0,1
651,Sunday,pagi,0,0,0,0,0,0,0,1,0,0,0,0,1,0,0,1,0,0,0,1
3584,Saturday,pagi,0,0,0,1,0,0,0,0,0,0,0,0,0,1,0,1,0,0,0,1
654,Friday,siang,0,0,0,0,0,0,0,1,0,0,0,0,0,1,0,0,0,0,0,0
987,Sunday,pagi,0,0,0,1,0,0,0,0,0,0,0,0,0,0,1,1,0,0,0,0
989,Friday,pagi,0,0,0,0,1,0,1,0,0,0,0,0,0,0,1,1,0,0,0,0
2708,Thursday,pagi,0,0,0,0,0,0,0,0,1,0,0,0,0,1,0,0,0,0,0,0
3593,Thursday,pagi,0,0,1,0,0,0,0,0,0,0,0,0,0,1,0,1,0,0,0,1
2633,Thursday,pagi,0,0,0,0,0,0,0,0,1,0,0,0,0,1,0,0,0,0,0,0
3588,Thursday,malam,0,0,0,0,0,0,1,1,0,0,0,0,0,1,0,1,0,0,0,1
666,Tuesday,pagi,0,0,0,0,1,1,0,0,0,0,0,0,0,0,1,0,0,0,0,1
993,Tuesday,pagi,0,0,0,0,0,1,1,1,0,0,0,0,0,1,1,0,0,0,0,1
995,Monday,sore,0,0,0,0,0,0,0,1,0,0,1,0,0,0,1,1,0,0,0,1
668,Sunday,pagi,0,0,0,1,1,0,0,0,0,0,0,0,0,0,1,1,0,0,0,1
670,Saturday,pagi,0,0,0,0,0,1,0,0,0,0,0,0,0,0,1,0,0,0,1,0
3597,Thursday,malam,0,0,0,1,0,0,0,0,0,0,1,0,0,0,1,1,0,0,0,1
997,Thursday,malam,0,0,0,0,0,1,0,0,0,0,0,0,0,1,1,0,0,0,0,0
2635,Wednesday,malam,0,0,0,0,0,1,0,0,0,0,0,0,1,1,1,0,0,0,0,0
676,Monday,pagi,0,0,0,0,1,0,0,0,0,0,1,0,0,1,1,1,0,0,0,1
1001,Sunday,pagi,0,0,1,0,0,0,0,0,0,0,0,0,0,0,1,1,0,0,0,0
2714,Wednesday,pagi,0,0,0,1,0,1,0,1,0,0,0,0,0,1,1,0,0,0,0,0
1004,Tuesday,sore,0,0,0,1,0,0,0,0,0,0,0,0,1,1,0,1,0,0,0,1
2715,Monday,pagi,0,0,0,1,1,0,0,0,0,0,0,0,0,1,1,0,0,0,0,0
308,Sunday,pagi,0,0,0,0,0,0,0,0,0,0,1,0,1,1,1,0,0,0,0,0
1008,Saturday,pagi,0,0,0,1,0,0,1,0,0,0,1,0,0,1,0,1,0,0,0,0
1007,Saturday,malam,0,0,0,1,0,0,0,0,0,0,0,0,0,0,1,1,0,0,0,0
3601,Wednesday,pagi,0,0,1,0,0,0,0,0,1,0,0,0,0,0,0,1,0,0,0,0
1012,Wednesday,malam,0,0,0,0,1,1,0,0,0,0,0,1,0,0,1,1,0,0,0,0
311,Monday,siang,0,0,0,0,0,1,0,1,0,0,0,0,0,1,0,0,0,0,0,1
2636,Monday,siang,0,0,1,0,1,0,0,0,0,0,1,1,0,0,0,1,0,1,0,1
312,Monday,pagi,0,0,1,0,0,0,0,0,0,0,0,0,0,1,0,1,0,0,0,1
1017,Saturday,pagi,0,0,0,1,0,0,0,1,0,0,0,0,0,0,1,1,0,0,1,0
2721,Thursday,sore,0,0,0,1,0,0,0,0,0,0,0,0,1,0,0,1,0,0,0,0
2722,Monday,pagi,0,0,0,0,1,1,0,0,0,0,0,0,0,1,1,0,0,0,0,0
1026,Sunday,pagi,0,0,1,0,0,1,0,0,1,0,0,0,0,1,1,0,0,0,0,1
1024,Saturday,malam,0,0,0,0,1,0,1,0,0,0,0,0,0,1,0,1,0,0,0,0
1028,Thursday,malam,0,0,1,0,0,0,1,0,0,0,0,0,0,1,0,1,0,0,0,1
691,Tuesday,pagi,0,0,0,0,1,0,0,0,0,0,0,0,0,0,1,1,0,0,0,1
2724,Monday,pagi,0,0,0,0,0,0,0,0,1,0,0,0,0,1,0,0,0,0,0,0
2986,Monday,malam,0,0,1,1,0,0,0,0,0,0,0,0,0,0,0,1,0,0,0,0
2574,Monday,malam,0,1,0,0,0,1,0,0,0,0,0,1,0,0,1,1,0,0,0,1
335,Thursday,pagi,1,0,0,0,0,0,1,1,0,0,0,0,0,1,0,1,0,0,0,1
3608,Wednesday,malam,0,0,0,1,1,1,1,0,0,0,0,0,0,0,0,1,0,0,0,0
1035,Wednesday,malam,0,0,0,0,0,1,0,0,0,0,0,0,0,0,0,1,0,0,0,1
2028,Tuesday,pagi,0,0,0,0,0,0,0,1,0,0,0,0,1,0,0,1,0,0,0,0
694,Tuesday,pagi,0,0,0,0,0,1,1,1,0,1,1,1,1,1,0,0,0,0,1,1
1039,Sunday,pagi,0,0,1,0,0,0,0,0,0,0,0,0,0,1,1,0,0,0,0,0
341,Sunday,malam,0,0,0,0,1,0,0,0,0,0,0,0,0,0,1,0,0,0,0,0
342,Friday,siang,0,0,0,0,1,0,0,0,0,0,0,0,1,0,1,1,0,0,0,0
343,Thursday,malam,0,0,0,1,0,0,0,0,0,0,0,1,1,0,0,1,0,0,0,1
2029,Wednesday,sore,0,0,0,0,0,1,0,0,0,0,1,0,0,0,1,1,0,0,0,1
348,Tuesday,pagi,0,0,0,0,0,0,1,0,0,0,0,0,1,0,0,0,0,1,0,1
347,Tuesday,malam,0,0,0,0,0,0,0,1,0,0,0,1,0,1,0,1,0,0,0,1
1045,Tuesday,malam,0,0,1,0,0,0,0,0,0,0,0,0,0,1,0,1,0,0,0,1
2730,Monday,malam,0,0,1,0,0,0,0,0,0,0,0,1,1,1,0,1,0,0,0,1
1048,Saturday,pagi,0,0,0,0,0,0,0,0,1,0,0,0,0,1,0,1,0,0,0,0
2590,Saturday,malam,0,0,0,1,1,0,0,0,0,0,1,0,0,1,1,1,0,0,0,1
2030,Wednesday,malam,0,0,0,0,0,0,1,0,0,0,1,0,0,1,0,1,0,0,0,1
703,Saturday,pagi,0,0,0,0,0,1,0,0,0,0,0,0,1,1,0,1,0,0,0,1
1054,Saturday,pagi,0,0,0,0,1,0,0,0,0,0,0,0,0,0,0,1,0,0,0,1
1053,Saturday,malam,0,0,0,0,0,1,0,1,0,0,0,0,0,1,0,1,0,0,0,0
706,Monday,pagi,0,0,0,1,0,1,1,0,0,0,0,0,0,1,1,0,0,0,0,1
357,Monday,malam,0,0,0,0,0,0,0,0,0,0,1,0,0,1,0,0,0,0,0,0
360,Sunday,sore,0,0,0,0,0,0,0,1,1,0,0,1,1,1,1,1,0,0,0,0
709,Wednesday,pagi,0,0,0,0,0,0,0,0,0,0,0,1,1,0,1,0,0,0,0,0
2037,Tuesday,pagi,0,0,0,0,1,0,0,0,0,0,0,0,0,1,1,0,0,0,0,0
1066,Monday,pagi,0,0,0,0,1,0,0,0,0,0,0,1,0,1,0,1,0,0,0,1
712,Friday,pagi,0,0,0,0,1,0,0,0,1,1,0,0,0,1,1,1,0,0,0,1
713,Thursday,pagi,0,0,1,1,0,0,0,0,0,0,0,0,0,1,0,0,0,0,0,1
1068,Thursday,pagi,0,0,0,1,0,0,1,0,1,0,0,0,0,0,1,1,0,0,1,1
1069,Wednesday,pagi,0,0,0,0,0,0,1,0,0,0,0,0,0,0,1,0,0,0,0,0
374,Tuesday,pagi,0,0,0,0,0,0,0,0,0,0,0,1,0,1,0,0,0,0,0,0
3612,Tuesday,malam,0,0,0,0,0,1,0,0,0,0,0,0,0,0,1,1,0,0,0,0
2740,Tuesday,malam,0,0,0,0,0,1,0,0,0,0,0,0,0,0,1,0,0,0,0,0
714,Monday,pagi,0,0,0,1,1,0,0,0,0,0,0,0,0,0,1,1,0,0,0,1
1071,Wednesday,malam,0,0,0,1,0,0,0,0,0,0,0,0,1,0,0,1,0,0,0,0
378,Monday,pagi,0,0,0,0,0,0,1,0,0,0,0,0,0,0,1,1,1,0,0,0
1077,Thursday,pagi,0,0,0,0,0,0,0,0,0,0,1,0,0,0,1,0,0,0,1,0
3616,Tuesday,sore,0,0,0,0,0,0,0,0,0,0,0,0,1,0,0,0,0,1,0,1
724,Sunday,pagi,1,0,1,0,1,1,0,1,0,0,1,0,0,0,0,0,0,0,1,0
1082,Sunday,malam,0,0,0,0,1,0,0,0,0,0,0,1,0,1,0,1,0,0,0,0
725,Friday,sore,0,0,1,1,0,0,0,0,0,0,0,0,0,0,1,0,0,0,0,0
2046,Thursday,malam,0,0,0,1,0,0,0,0,0,0,0,0,0,0,0,1,0,0,0,0
728,Wednesday,pagi,0,0,0,0,1,0,0,0,0,0,0,0,0,1,1,0,0,0,0,0
385,Tuesday,sore,0,0,0,0,0,1,0,0,0,0,0,0,0,0,1,1,0,0,0,1
3621,Tuesday,pagi,1,1,0,0,0,1,1,0,0,1,0,0,0,0,1,1,0,0,0,1
1090,Monday,pagi,0,0,0,0,0,0,0,0,0,0,0,0,1,0,1,0,0,0,0,1
394,Monday,pagi,0,0,0,0,0,0,0,0,1,0,0,0,1,1,0,0,0,0,0,1
732,Sunday,siang,0,0,0,1,0,0,1,0,0,0,0,0,0,0,0,1,0,0,1,0
733,Sunday,pagi,0,0,0,1,0,1,0,1,1,0,1,0,0,1,0,0,0,0,1,1
396,Saturday,siang,0,0,0,0,1,0,0,0,0,0,0,0,0,0,0,1,0,0,0,1
1091,Saturday,pagi,0,0,0,0,0,0,1,0,0,0,0,0,0,1,0,0,0,0,0,0
1178,Saturday,pagi,0,0,1,0,1,0,1,0,0,0,0,0,1,0,1,1,0,0,0,1
1096,Wednesday,pagi,0,0,0,0,1,0,0,1,0,0,0,0,0,1,1,0,0,0,0,0
1099,Tuesday,siang,0,0,1,0,0,0,0,0,0,0,1,0,0,0,0,1,0,0,0,0
2753,Tuesday,malam,0,0,0,0,0,0,0,0,0,0,1,0,0,1,0,0,0,0,0,0
408,Saturday,pagi,0,0,1,0,0,0,1,0,0,0,0,0,0,1,0,1,0,0,0,1
2053,Friday,pagi,0,0,0,0,1,0,0,0,0,0,0,0,0,1,1,0,0,0,0,0
739,Wednesday,sore,0,1,0,0,0,0,1,0,0,0,0,0,0,0,1,0,0,0,0,1
412,Wednesday,siang,0,1,0,0,0,0,1,0,0,0,0,0,0,0,1,0,0,0,0,1
415,Wednesday,pagi,0,0,0,0,1,1,0,1,0,0,0,0,0,0,0,1,0,1,0,1
741,Tuesday,pagi,0,0,0,1,0,0,0,0,0,0,0,0,0,0,1,0,0,0,0,0
3626,Tuesday,malam,0,0,1,0,0,0,0,0,1,0,0,0,0,0,1,0,0,0,1,0
742,Monday,siang,0,0,0,0,1,0,0,1,0,0,0,0,0,0,1,0,0,0,0,0
2054,Sunday,malam,0,0,0,0,0,0,0,1,0,0,0,0,0,1,0,0,0,0,0,0
1109,Sunday,malam,0,0,0,0,0,0,0,1,0,0,0,0,0,1,1,1,0,0,0,0
436,Monday,pagi,0,1,0,0,0,0,0,0,1,0,1,1,0,0,1,1,0,0,0,1
435,Monday,malam,0,0,0,0,0,0,1,0,0,0,0,0,0,0,1,1,0,0,0,1
755,Thursday,siang,0,0,0,0,1,0,0,0,0,0,0,0,0,0,1,0,0,0,0,0
1113,Wednesday,siang,0,0,0,0,0,1,0,0,0,0,0,0,0,0,1,1,0,0,0,1
3631,Tuesday,pagi,0,0,0,0,0,1,0,0,0,0,0,1,1,0,1,0,0,0,0,0
3632,Tuesday,pagi,0,0,0,0,0,0,0,0,0,0,0,0,1,0,0,0,0,1,0,1
760,Tuesday,malam,0,0,0,0,1,0,0,0,0,0,0,0,0,0,1,0,0,0,0,0
1116,Sunday,malam,0,0,0,0,0,1,1,0,0,0,0,0,0,0,1,1,0,0,0,0
446,Wednesday,pagi,0,0,0,0,1,0,0,0,0,0,0,0,0,1,0,0,0,0,0,0
768,Tuesday,sore,0,0,0,0,0,1,0,1,0,0,0,0,0,1,1,1,0,0,0,1
771,Monday,siang,0,0,0,1,0,0,0,0,0,1,0,0,0,0,1,0,0,0,1,0
448,Sunday,pagi,1,0,0,0,0,0,0,0,0,0,0,0,0,0,1,0,0,1,0,0
1124,Saturday,malam,0,0,0,0,0,1,0,0,0,0,0,0,0,1,0,0,0,0,0,0
779,Friday,pagi,0,0,1,0,0,1,0,1,0,0,0,0,0,1,1,0,0,0,0,1
780,Thursday,pagi,0,0,0,0,0,0,0,0,0,0,0,1,1,1,1,0,0,0,0,1
2068,Wednesday,siang,0,0,1,0,0,0,1,0,0,0,1,0,0,1,0,1,0,0,0,1
783,Wednesday,pagi,1,0,0,0,0,1,1,0,0,0,0,0,0,1,1,0,0,0,0,0
1126,Wednesday,malam,0,0,0,0,0,1,1,1,0,0,0,0,0,0,1,0,0,0,0,1
782,Wednesday,malam,0,0,0,0,0,1,1,1,0,0,0,0,0,0,1,0,0,0,0,1
463,Friday,pagi,0,0,0,0,0,0,0,0,1,0,0,0,0,0,0,0,0,0,1,0
1132,Thursday,siang,0,0,0,0,0,0,0,0,0,0,0,0,1,0,1,1,0,0,0,0
465,Wednesday,siang,0,0,0,0,0,0,0,0,0,0,0,1,0,1,1,1,0,0,0,1
1135,Tuesday,sore,0,0,0,0,0,0,0,0,0,0,0,0,1,1,0,0,0,0,0,1
2074,Tuesday,pagi,0,0,0,0,0,0,0,0,0,0,1,0,0,0,1,0,0,0,0,0
1136,Monday,pagi,0,0,0,0,0,0,1,1,1,0,1,0,0,1,1,0,0,0,0,1
473,Sunday,malam,0,0,0,0,1,0,0,0,0,0,0,0,0,1,0,1,0,0,0,1
1139,Friday,pagi,0,0,0,0,0,1,1,0,0,0,0,0,0,1,0,0,0,0,0,0
800,Thursday,pagi,0,0,0,0,0,0,0,0,1,0,0,0,1,1,0,0,0,0,0,0
1142,Thursday,pagi,0,0,0,1,0,0,0,0,0,0,0,0,1,1,0,0,0,0,0,0
1144,Wednesday,malam,0,0,1,0,0,0,1,1,0,0,0,0,0,0,0,1,0,0,0,0
803,Tuesday,pagi,0,0,0,1,0,1,1,0,0,0,0,0,0,0,1,0,0,0,0,0
483,Tuesday,pagi,1,0,0,0,1,0,0,0,1,0,0,0,1,1,0,1,0,0,0,1
3643,Monday,malam,0,0,0,1,0,0,0,0,0,0,0,0,0,0,1,1,0,0,0,1
3644,Monday,malam,0,0,0,0,0,1,1,0,1,0,0,0,0,0,1,0,0,1,0,0
2643,Friday,sore,0,0,0,0,1,1,0,0,0,0,0,0,0,1,0,1,0,0,0,1
2202,Thursday,pagi,0,0,1,0,0,0,1,0,0,0,0,0,0,1,0,1,0,0,0,1
1689,Tuesday,siang,1,0,0,0,0,1,0,1,0,0,1,1,0,0,1,1,0,0,0,0
494,Tuesday,siang,0,0,0,0,0,0,1,0,0,0,0,0,0,1,0,1,0,0,0,0
1155,Monday,pagi,0,0,0,0,0,0,0,0,0,0,1,1,0,0,0,1,0,0,0,1
2803,Sunday,siang,0,1,0,1,0,0,0,0,0,0,0,0,0,0,1,1,0,0,0,1
814,Sunday,pagi,0,0,1,0,1,0,0,1,1,1,0,0,0,0,1,0,0,0,0,0
3653,Saturday,malam,0,0,0,0,1,1,0,0,0,0,1,0,0,0,1,0,0,0,0,0
2808,Thursday,pagi,0,0,1,0,0,0,0,1,0,0,0,0,0,1,0,1,0,0,0,1
3657,Thursday,pagi,0,0,0,0,0,0,1,0,1,1,0,0,0,1,1,0,0,0,0,1
2085,Thursday,pagi,0,0,0,0,0,0,0,1,0,0,1,0,0,1,0,1,0,0,0,1
1156,Thursday,pagi,0,0,0,0,0,0,1,1,0,1,0,0,0,0,1,0,0,0,0,0
506,Thursday,pagi,0,1,0,0,0,0,1,0,0,1,0,0,0,1,0,0,0,0,0,1
3030,Wednesday,siang,0,1,1,0,0,0,0,0,0,0,0,0,0,0,0,1,0,0,0,0
507,Wednesday,siang,0,0,1,0,0,1,0,0,0,0,0,0,0,0,1,1,0,0,1,1
5,Monday,malam,1,0,0,0,0,0,0,0,0,0,1,0,0,1,0,0,0,0,0,1
3085,Saturday,pagi,0,0,0,0,0,1,0,0,0,0,1,0,0,1,0,1,0,0,0,1
827,Wednesday,sore,0,0,0,0,0,0,0,1,0,0,0,1,0,0,1,1,0,0,0,1
3133,Tuesday,pagi,0,0,0,1,0,0,0,1,0,0,0,0,0,1,0,1,0,0,0,0
517,Sunday,pagi,0,0,0,1,0,0,0,0,0,0,0,1,0,1,1,0,0,0,0,0
1295,Friday,sore,0,0,0,0,0,0,0,0,1,0,0,0,0,1,0,0,0,0,0,0
1296,Friday,sore,0,0,0,0,0,0,0,1,1,0,0,0,0,1,1,1,0,0,0,0
830,Thursday,pagi,0,0,0,0,1,0,0,0,0,0,0,0,0,1,0,1,0,0,0,0
833,Wednesday,sore,0,0,0,0,0,0,0,1,0,0,0,0,0,1,0,0,0,0,0,0
520,Wednesday,pagi,0,0,0,0,1,0,0,0,0,0,0,0,0,0,1,0,0,0,0,1
1784,Monday,malam,0,0,0,1,0,1,1,1,0,0,0,0,0,0,1,0,0,0,0,0
3237,Wednesday,siang,0,0,0,0,0,1,0,0,0,0,0,0,1,1,0,0,0,0,0,0
3236,Wednesday,siang,0,0,0,0,0,0,0,0,1,0,0,0,0,1,0,0,0,0,0,0
523,Tuesday,pagi,0,0,1,0,0,0,0,0,0,0,0,0,1,0,0,1,1,0,0,1
3748,Sunday,pagi,0,0,0,0,0,0,0,0,0,0,0,0,1,0,0,1,1,0,0,1
2820,Monday,sore,0,1,0,0,0,0,0,0,0,0,0,0,0,1,0,1,0,0,0,1
3271,Saturday,pagi,0,0,0,0,0,1,1,0,0,0,0,0,0,0,1,1,0,0,0,0
3262,Saturday,malam,0,0,0,0,0,0,1,0,0,0,0,0,0,0,1,1,0,0,0,0
3281,Sunday,pagi,0,0,0,0,1,0,0,1,0,0,1,0,0,1,0,1,0,0,1,1
836,Saturday,pagi,0,0,0,0,0,0,1,0,0,0,0,0,0,1,0,0,0,1,0,1
3753,Friday,pagi,0,0,0,0,1,0,0,0,0,0,0,0,0,1,0,1,0,0,0,1
23,Friday,pagi,1,0,0,0,0,0,1,0,0,0,0,0,0,0,0,0,0,1,0,1
837,Wednesday,pagi,0,0,1,0,0,0,0,1,0,0,0,0,0,0,1,0,0,0,0,0
3326,Thursday,siang,0,0,0,1,0,0,0,0,0,0,0,0,0,0,0,1,0,1,0,1
3319,Wednesday,pagi,0,0,0,1,0,0,0,1,1,0,0,0,0,0,0,1,0,0,0,0
529,Wednesday,pagi,0,0,1,0,1,1,0,0,0,0,0,0,0,0,1,0,0,0,0,1
3385,Monday,pagi,0,0,0,1,0,0,1,0,0,0,0,0,0,0,1,0,0,0,0,0
3383,Monday,siang,0,0,0,0,0,0,0,0,0,0,0,1,0,0,0,0,0,1,0,1
3384,Sunday,malam,0,0,0,1,0,0,0,0,0,0,0,1,0,0,0,1,0,0,0,1
2828,Friday,siang,0,0,0,0,0,0,1,0,0,0,0,0,0,0,0,1,1,0,0,1
1307,Friday,pagi,0,0,0,1,0,0,0,0,0,0,0,0,0,1,1,0,0,0,0,1
3422,Thursday,malam,0,0,0,1,0,0,0,0,0,0,0,0,0,0,0,1,0,0,0,0
37,Thursday,siang,0,0,1,0,0,0,0,0,1,0,0,0,0,0,0,1,0,0,0,1
1309,Tuesday,pagi,0,0,0,0,1,1,1,0,0,0,0,0,0,1,0,0,0,0,0,0
1855,Tuesday,siang,0,0,0,0,1,0,0,1,0,0,0,1,0,0,1,1,0,0,0,1
839,Monday,pagi,0,0,0,0,1,0,0,1,0,0,0,0,0,0,0,1,0,0,0,1
1859,Sunday,malam,0,0,0,0,1,0,0,0,0,0,0,0,0,0,1,0,0,0,0,0
2088,Saturday,malam,0,0,0,0,0,1,0,1,1,0,0,0,0,1,0,1,0,0,0,1
51,Monday,malam,0,0,1,0,0,0,0,1,0,0,1,0,0,1,0,1,0,0,0,1
538,Monday,pagi,0,0,0,0,0,0,0,0,0,1,0,0,0,1,1,0,0,0,0,1
3678,Tuesday,sore,0,0,0,0,0,0,1,0,0,0,0,0,0,1,0,1,0,0,0,1
3476,Monday,pagi,0,0,0,0,0,0,0,0,0,0,1,0,0,1,0,0,0,0,0,0
3482,Monday,sore,0,0,0,0,1,0,0,0,0,0,0,0,0,0,1,0,0,1,0,0
2219,Thursday,malam,0,1,1,0,0,0,0,0,0,0,0,0,0,0,1,1,0,0,0,1
1314,Friday,malam,0,0,0,0,0,0,1,0,0,0,0,0,0,1,0,1,0,0,0,1
842,Thursday,pagi,0,0,0,0,0,0,0,1,0,0,0,0,0,1,1,0,0,0,0,0
1317,Tuesday,malam,0,1,0,1,1,0,0,0,0,0,0,0,0,0,0,1,0,0,0,1
73,Wednesday,malam,0,0,0,0,0,0,0,0,0,0,1,0,0,1,0,0,0,0,0,0
2898,Tuesday,malam,0,0,0,1,0,0,1,0,0,0,1,0,0,0,1,1,0,0,0,1
2900,Monday,pagi,0,0,0,0,0,0,0,1,0,0,0,0,0,1,1,0,0,0,0,0
844,Monday,pagi,0,0,0,0,0,0,0,1,0,0,0,0,0,1,0,0,0,0,0,0
3517,Sunday,sore,0,0,1,0,0,0,0,0,0,0,0,0,0,0,0,1,0,1,0,1
847,Thursday,malam,0,0,0,0,0,0,0,0,1,0,0,0,0,0,0,1,0,1,0,1
1323,Saturday,pagi,0,0,0,0,0,0,0,1,0,0,0,0,0,1,0,1,0,0,0,1
848,Thursday,malam,0,0,0,0,0,1,1,0,0,0,0,0,0,1,0,1,0,0,0,0
3521,Friday,malam,0,0,0,0,1,0,0,1,0,0,0,0,0,1,0,0,0,0,0,0
547,Friday,siang,0,1,0,1,0,1,0,0,0,0,0,0,0,1,1,1,0,0,0,1
93,Friday,pagi,0,0,0,0,0,0,1,0,0,0,0,0,0,1,1,0,0,0,0,0
549,Friday,pagi,0,0,0,0,0,0,1,0,0,0,0,0,0,1,1,0,0,0,0,0
1885,Thursday,pagi,0,0,0,0,0,0,0,0,0,0,1,0,0,1,1,0,0,0,0,0
851,Thursday,pagi,0,0,0,0,0,0,0,0,0,0,0,0,1,1,0,1,0,0,0,0
2906,Wednesday,pagi,0,0,0,0,1,0,0,0,1,0,1,0,0,0,1,1,0,0,0,1
854,Tuesday,sore,0,0,0,0,0,1,0,0,0,0,0,0,0,1,1,1,0,0,0,0
2839,Tuesday,pagi,0,0,0,1,0,0,0,0,0,0,0,0,1,0,1,1,0,0,0,1
3687,Monday,pagi,0,0,0,1,0,0,0,0,0,0,1,0,0,1,0,1,0,0,0,0
857,Monday,pagi,0,0,0,1,0,0,0,0,0,0,1,0,0,0,1,0,0,0,0,0
554,Monday,pagi,0,0,0,1,0,0,1,0,1,0,0,0,0,0,1,1,0,0,0,0
556,Monday,pagi,0,0,0,0,0,0,1,0,0,0,0,0,0,1,0,0,0,0,0,0
101,Sunday,pagi,0,0,0,0,0,0,1,0,1,0,0,0,0,1,0,1,0,0,1,1
3688,Saturday,malam,0,0,0,1,0,0,0,0,0,0,0,0,0,0,0,1,0,0,1,1
103,Sunday,pagi,0,0,0,0,0,0,0,0,0,0,0,1,0,0,1,0,0,1,0,1
860,Friday,pagi,0,0,0,0,1,1,0,0,1,0,0,0,0,1,1,1,0,0,0,1
104,Friday,sore,0,1,0,1,0,1,1,0,0,0,0,0,0,0,1,1,0,0,0,1
558,Friday,pagi,0,0,0,0,0,0,0,0,0,0,0,0,1,0,0,0,0,1,0,0
2847,Friday,pagi,0,0,0,0,0,0,0,0,0,0,0,0,1,0,0,0,0,1,0,0
862,Thursday,sore,0,0,0,0,1,0,0,0,1,0,0,0,0,0,1,0,0,0,0,0
2270,Wednesday,siang,0,0,1,0,0,1,0,0,0,0,0,0,0,0,0,1,0,1,0,1
2106,Wednesday,siang,1,1,1,0,0,0,1,0,0,0,0,0,0,0,0,1,0,0,0,1
2912,Wednesday,pagi,0,1,1,0,0,0,0,0,0,0,0,0,0,0,1,1,0,0,0,1
560,Tuesday,pagi,0,0,0,0,0,0,0,1,0,0,0,0,0,0,0,0,0,1,0,1
2914,Monday,malam,0,0,0,0,0,1,1,0,0,1,0,0,0,1,0,1,0,0,0,1
2851,Sunday,siang,0,0,1,0,0,0,0,0,0,0,1,0,0,1,0,1,0,0,0,1
865,Sunday,pagi,0,0,1,0,1,0,0,0,0,0,0,0,0,1,0,1,0,0,0,1
866,Sunday,pagi,0,0,0,1,0,0,0,0,0,0,0,0,0,1,0,1,0,0,0,1
3691,Saturday,sore,0,0,0,0,0,0,0,1,0,0,0,0,0,0,0,0,0,1,0,1
3781,Thursday,sore,0,0,0,0,0,0,0,0,1,0,0,0,0,0,0,1,0,0,0,0
867,Thursday,pagi,0,0,0,1,0,0,0,0,0,0,0,0,0,1,0,0,0,0,0,0
3693,Wednesday,siang,0,0,1,0,0,0,0,0,0,0,1,0,0,1,0,1,0,0,0,1
1185,Sunday,malam,0,0,0,1,1,0,0,0,0,0,1,1,1,1,1,0,0,0,0,0
2856,Friday,malam,0,0,0,0,0,1,0,0,0,0,0,0,0,0,0,1,0,0,0,1
3538,Monday,malam,0,0,0,0,0,0,1,0,0,0,1,0,0,0,0,1,0,0,0,0
566,Monday,malam,0,1,1,0,0,0,0,0,0,0,0,0,1,0,0,1,0,0,0,1
870,Sunday,pagi,0,0,1,0,0,0,0,0,0,0,0,0,0,0,0,1,0,0,0,0
873,Saturday,malam,1,1,0,0,0,1,1,0,0,0,0,0,0,1,0,1,0,0,0,1
568,Thursday,pagi,0,1,0,0,1,0,0,0,0,1,0,0,0,0,1,0,0,0,1,1
874,Friday,siang,0,0,0,0,0,0,0,0,0,0,0,0,1,1,1,0,0,0,0,0
122,Friday,siang,0,0,0,0,0,0,0,0,0,1,0,0,0,0,0,0,0,0,1,1
875,Thursday,sore,0,0,1,0,0,0,0,0,1,0,0,0,0,0,0,1,0,0,0,0
569,Tuesday,pagi,0,0,0,1,1,1,0,0,0,0,0,0,0,1,0,0,0,0,0,0
880,Tuesday,pagi,0,0,0,0,1,0,0,0,0,0,0,0,0,0,1,1,0,0,0,0
3540,Tuesday,sore,0,0,0,0,1,0,0,0,0,0,1,0,0,1,0,1,0,0,1,1
882,Sunday,malam,0,0,1,0,0,0,0,0,0,0,0,0,0,1,1,0,0,0,0,0
883,Friday,malam,0,0,0,1,0,0,0,0,0,0,0,0,0,0,0,1,0,0,0,1
3791,Thursday,malam,0,0,0,0,0,0,0,0,1,0,0,0,0,0,0,1,0,0,1,0
3696,Tuesday,malam,0,0,0,1,0,0,0,0,0,0,0,0,0,0,1,0,0,0,0,0
576,Thursday,pagi,0,0,0,0,0,0,1,0,1,0,0,0,0,1,0,1,0,0,0,0
884,Wednesday,siang,0,0,0,0,1,0,1,0,1,0,0,0,0,1,0,1,0,0,0,1
144,Sunday,siang,1,0,0,0,0,0,0,0,1,0,0,0,0,0,1,1,0,0,0,0
2318,Saturday,malam,1,1,0,1,0,0,0,0,0,0,0,0,0,0,0,1,0,0,0,1
888,Thursday,malam,0,0,0,0,0,0,1,0,1,0,1,0,0,0,1,1,0,0,0,1
584,Friday,pagi,0,0,1,0,0,1,0,0,0,0,0,0,0,0,0,1,0,0,0,1
2920,Monday,malam,0,0,0,0,0,0,0,1,0,0,1,0,0,1,1,1,0,0,0,1
1253,Monday,malam,0,0,0,0,0,0,1,0,0,0,0,0,0,0,1,0,0,1,0,0
162,Monday,pagi,0,0,0,0,1,0,0,1,1,0,0,1,0,1,1,1,0,0,0,1
892,Sunday,pagi,0,0,0,1,0,0,1,0,1,0,0,0,0,1,1,1,0,0,0,1
1409,Monday,pagi,0,0,0,0,0,0,0,0,1,0,0,1,0,0,1,0,0,1,0,0
2333,Friday,pagi,1,0,1,1,0,0,0,1,0,0,0,0,0,1,0,1,0,0,0,1
3700,Friday,pagi,0,0,0,0,0,1,1,0,0,0,0,1,0,0,0,0,0,1,0,1
894,Wednesday,pagi,0,0,1,0,0,0,0,1,1,0,0,1,0,0,1,0,0,0,0,0
1161,Tuesday,pagi,0,0,0,0,0,1,1,0,0,0,0,0,0,0,0,1,0,0,1,0
1419,Monday,pagi,0,0,0,0,1,0,0,0,0,0,0,0,1,1,0,1,0,0,0,1
591,Tuesday,pagi,0,0,0,1,1,0,0,0,0,0,0,0,0,1,0,0,0,0,0,0
180,Monday,pagi,0,0,0,0,0,0,0,1,0,0,0,0,0,0,1,0,0,0,0,0
897,Saturday,siang,0,0,0,0,1,1,0,0,0,0,0,0,0,0,1,1,0,0,0,1
1258,Friday,siang,0,0,0,0,0,0,1,0,0,0,0,0,0,0,1,0,0,0,0,0
898,Friday,pagi,0,0,0,0,0,0,0,0,1,0,1,0,0,1,0,1,0,0,0,0
2868,Friday,pagi,0,0,0,0,0,1,0,0,0,0,0,0,0,1,0,0,0,0,0,0
2353,Wednesday,siang,1,0,0,0,1,0,0,0,1,0,0,1,1,0,1,1,0,0,0,1
1428,Wednesday,malam,0,0,1,0,1,0,1,0,1,0,0,0,0,0,0,1,0,0,0,1
185,Thursday,pagi,0,0,0,0,1,1,0,0,0,0,0,0,0,1,0,0,0,0,0,0
3806,Tuesday,pagi,0,0,1,0,0,0,0,0,0,0,0,1,0,0,0,1,1,0,0,1
3546,Tuesday,malam,0,0,0,0,0,0,0,1,1,0,1,0,0,0,1,1,0,0,0,0
2360,Monday,pagi,1,0,1,0,0,1,1,0,0,0,0,0,1,1,0,1,0,0,1,1
901,Monday,malam,0,0,0,0,1,0,0,1,0,0,0,0,0,0,1,0,0,0,0,0
903,Thursday,malam,0,0,0,1,0,1,0,0,0,0,0,0,0,1,0,1,0,0,0,1
2925,Thursday,pagi,0,0,0,0,0,0,1,0,0,0,1,0,0,1,0,1,0,0,0,1
2928,Monday,malam,0,0,0,0,0,0,0,0,0,0,1,0,0,1,0,0,0,0,0,0
3549,Sunday,pagi,0,0,0,0,0,1,0,1,0,1,0,0,0,0,1,0,0,1,0,1
3704,Monday,pagi,0,0,0,0,0,0,0,0,0,0,0,0,1,0,0,1,0,0,0,1
2869,Tuesday,pagi,0,0,0,1,0,0,0,0,0,0,0,0,0,0,0,1,0,0,1,1
598,Monday,pagi,0,0,0,0,0,1,0,0,0,0,0,0,0,0,0,0,0,0,1,0
2662,Monday,pagi,1,1,0,0,0,1,0,1,0,0,0,0,0,0,0,0,0,0,1,0
601,Monday,pagi,0,1,0,0,0,1,0,1,0,0,0,0,0,0,0,0,0,0,1,0
1448,Wednesday,siang,0,0,0,0,1,1,0,0,0,0,0,0,0,1,0,1,0,0,0,1
906,Friday,pagi,0,0,0,0,1,0,0,1,0,0,1,0,1,1,0,1,0,0,0,0
3554,Thursday,pagi,0,0,0,0,0,0,0,0,1,0,1,0,0,1,0,0,0,0,0,0
606,Wednesday,pagi,0,0,0,0,0,1,0,1,0,0,0,0,0,1,0,1,0,0,0,1
607,Tuesday,sore,0,0,0,0,1,1,0,0,0,0,1,0,0,0,1,0,0,0,1,0
908,Monday,siang,0,0,0,0,1,0,0,0,1,0,0,1,0,1,1,0,0,0,0,0
2664,Sunday,siang,0,1,0,0,0,0,0,0,0,0,0,0,0,0,1,1,0,0,0,1
2873,Sunday,sore,1,0,0,1,0,0,0,0,0,0,0,1,0,1,0,0,1,0,0,0
202,Sunday,sore,0,1,0,0,0,0,0,0,0,0,0,0,0,0,1,1,0,0,0,1
3708,Saturday,pagi,0,0,0,0,0,0,0,0,0,0,0,0,1,0,0,0,0,0,0,0
912,Sunday,pagi,0,0,0,0,0,0,0,0,0,0,1,0,0,0,0,1,1,0,0,0
206,Saturday,pagi,0,0,1,0,0,1,0,1,0,0,0,0,0,1,1,0,0,0,1,0
2875,Friday,malam,0,0,0,0,1,0,0,1,0,0,0,0,0,0,1,0,0,0,0,0
611,Thursday,sore,0,0,0,0,1,0,1,0,0,0,1,0,0,1,0,1,0,0,0,1
914,Wednesday,siang,0,0,0,1,0,0,0,0,0,0,0,0,0,0,1,1,0,0,0,1
210,Thursday,pagi,0,0,0,0,0,0,1,0,0,0,0,0,0,0,1,0,0,1,0,1
2877,Thursday,pagi,0,0,0,0,0,0,1,0,0,1,0,0,0,0,1,0,0,1,0,1
915,Wednesday,pagi,0,0,0,0,0,0,0,1,1,0,0,0,0,1,1,0,0,0,0,1
917,Monday,pagi,0,0,0,0,1,0,0,1,0,0,0,1,1,1,1,0,0,0,0,1
918,Monday,pagi,0,0,0,0,0,0,0,1,0,0,0,0,1,0,0,1,0,0,0,0
224,Monday,siang,0,0,0,0,0,0,1,0,0,0,0,0,0,0,1,0,0,0,0,0
919,Saturday,malam,0,0,0,0,1,0,0,0,0,0,0,0,0,0,1,0,0,0,0,0
921,Thursday,malam,0,0,0,0,0,0,0,0,1,0,0,0,1,0,0,1,0,0,0,0
922,Tuesday,malam,0,1,1,0,0,0,0,0,1,0,0,0,0,0,1,1,0,0,0,1
2675,Tuesday,siang,0,0,0,0,1,0,0,0,0,0,1,0,0,0,1,1,0,0,0,1
1994,Tuesday,pagi,0,0,0,1,1,0,0,0,0,0,0,0,0,0,1,0,0,0,0,0
3717,Sunday,pagi,0,0,0,0,0,0,1,0,1,1,0,0,0,0,1,1,0,0,0,0
2885,Sunday,malam,0,0,0,0,0,0,0,1,0,0,0,0,0,1,1,0,0,0,1,0
925,Saturday,malam,0,0,0,0,0,0,0,0,1,0,0,0,0,0,0,1,0,0,0,0
3559,Sunday,pagi,0,0,1,0,0,0,0,1,1,0,1,1,0,1,0,1,0,0,1,0
2678,Thursday,pagi,0,0,0,1,0,0,0,0,0,0,0,0,0,0,0,1,0,0,0,1
927,Tuesday,malam,0,0,0,1,0,0,0,0,0,0,1,1,1,0,1,1,0,0,0,1
3562,Thursday,pagi,0,0,0,0,1,0,1,0,0,0,0,0,0,0,0,1,0,0,0,1
3561,Wednesday,pagi,0,0,0,0,0,0,0,0,0,0,0,0,1,0,0,1,1,0,0,1
3563,Wednesday,malam,0,0,1,0,0,0,1,0,0,0,0,0,0,0,0,1,0,0,1,1
932,Sunday,malam,0,0,0,0,0,0,0,0,1,0,0,0,0,0,0,1,0,0,0,0
3564,Tuesday,siang,0,0,0,0,1,0,1,0,0,0,0,0,0,1,0,1,0,0,0,1
626,Sunday,malam,0,0,1,0,0,0,0,0,0,0,0,0,0,0,1,0,0,0,0,0
936,Saturday,malam,0,0,1,0,0,0,0,0,0,0,0,0,0,0,0,1,0,0,0,1
627,Saturday,pagi,0,0,0,0,0,0,0,0,1,0,0,0,0,0,1,0,0,0,0,1
3565,Saturday,pagi,0,0,0,0,0,0,0,0,1,0,0,0,0,0,1,0,0,0,0,1
939,Thursday,pagi,0,0,0,0,0,0,0,0,1,0,0,0,0,1,0,0,0,0,0,0
631,Wednesday,pagi,0,0,0,0,0,0,0,1,0,0,0,1,0,0,1,1,0,0,0,0
1498,Tuesday,sore,0,0,0,1,1,0,1,0,1,1,1,0,1,1,0,1,0,0,0,1
2681,Tuesday,pagi,0,0,0,1,0,0,0,0,0,0,0,0,1,0,0,1,0,0,0,1
3724,Monday,siang,1,0,0,0,0,0,1,0,0,1,0,0,0,0,1,0,0,1,0,1
943,Monday,pagi,0,0,0,0,0,0,0,0,0,0,1,1,1,0,1,1,0,1,0,1
2682,Sunday,malam,0,0,0,0,0,0,0,0,0,0,1,0,0,0,1,0,0,0,1,1
3726,Wednesday,pagi,0,0,1,1,1,0,0,0,1,0,0,0,0,1,0,1,0,1,0,1
1505,Thursday,siang,0,0,0,1,0,0,0,0,0,0,0,0,0,0,1,0,0,0,0,0
948,Wednesday,pagi,0,0,0,0,0,0,0,0,0,0,0,0,1,0,0,1,0,0,0,0
1508,Thursday,pagi,0,0,0,0,0,0,0,0,0,0,1,0,0,0,0,0,0,0,1,0
2685,Monday,pagi,0,0,0,0,0,0,0,0,1,0,0,0,0,0,0,1,0,0,0,0
2687,Monday,sore,0,0,0,0,0,0,1,0,0,0,0,0,0,0,1,0,0,0,0,1
2688,Sunday,pagi,0,0,0,0,1,0,0,0,0,0,0,0,0,0,0,1,0,0,0,1
3568,Monday,siang,0,0,0,0,0,0,0,1,0,0,0,1,1,1,0,1,0,0,0,1
3569,Sunday,pagi,0,0,0,1,1,0,0,0,0,0,0,0,0,0,1,1,0,0,0,0
262,Thursday,pagi,0,0,0,0,1,0,0,0,0,0,0,0,0,1,0,0,0,0,0,0
3570,Wednesday,pagi,0,0,0,0,0,0,0,0,0,0,1,0,0,1,0,0,0,0,0,0
3571,Wednesday,pagi,0,0,0,0,1,0,0,0,0,0,0,0,0,1,1,0,0,0,0,0
956,Wednesday,pagi,0,0,0,0,0,0,0,0,1,0,0,0,0,0,0,1,0,0,0,1
3846,Monday,pagi,0,0,0,0,0,0,0,0,1,0,0,0,0,0,0,1,0,1,0,1
1527,Monday,pagi,0,0,0,0,1,0,0,0,1,1,0,0,0,0,1,0,0,0,0,1
3847,Saturday,malam,0,0,0,1,0,0,0,0,0,0,0,0,0,1,0,1,0,0,0,1
3729,Sunday,pagi,0,0,0,0,0,1,0,0,1,0,0,0,0,0,1,1,0,0,0,0
3572,Sunday,pagi,0,0,0,0,0,0,0,1,0,0,0,0,1,0,0,1,0,0,0,1
643,Saturday,pagi,0,0,0,0,1,1,0,0,0,0,0,0,0,1,0,0,0,0,0,1
959,Friday,malam,0,0,1,0,1,1,0,0,0,0,1,0,0,1,0,1,0,0,0,1
644,Saturday,pagi,0,0,1,0,0,0,0,0,0,0,0,0,0,0,0,1,0,0,0,1
1530,Friday,pagi,0,0,1,0,0,0,0,0,0,0,0,0,0,0,0,1,0,0,0,0
960,Wednesday,pagi,0,0,0,0,0,0,0,0,1,0,0,0,0,0,0,1,0,0,0,1
3574,Friday,malam,0,0,0,0,0,0,0,1,0,0,0,1,0,0,0,1,0,0,0,0
962,Tuesday,siang,0,0,0,0,0,0,0,0,0,0,0,0,1,1,0,0,0,0,0,0
963,Saturday,pagi,1,0,1,1,0,0,1,1,0,0,0,0,0,1,1,0,0,0,1,0
3578,Sunday,sore,0,0,1,1,0,0,0,0,0,0,0,0,0,0,1,0,0,1,0,0
3731,Saturday,malam,0,0,0,0,1,1,0,0,0,0,0,0,0,0,1,1,0,0,0,0
3580,Wednesday,malam,0,0,1,1,0,0,0,0,0,0,0,0,0,0,1,1,0,0,0,1
3735,Sunday,malam,0,0,0,0,0,1,0,0,0,0,0,0,0,0,1,1,0,0,0,0
969,Sunday,pagi,0,0,0,1,1,0,0,0,0,0,0,0,0,0,1,1,0,0,0,1
970,Saturday,sore,0,0,0,0,0,0,0,0,1,0,0,0,0,1,0,0,0,0,0,0
2701,Monday,malam,0,1,0,0,1,0,0,0,0,0,0,0,1,0,0,1,0,0,0,0
973,Tuesday,pagi,0,0,0,0,1,0,0,0,1,0,1,0,0,0,1,1,0,0,0,0
2702,Sunday,siang,0,0,1,0,0,0,0,0,0,0,0,0,0,0,1,1,0,0,0,0
974,Monday,pagi,0,0,0,1,1,0,0,0,0,0,0,0,0,0,1,1,0,0,0,0
976,Sunday,pagi,0,0,0,0,0,1,0,0,0,0,0,0,0,1,0,1,0,0,0,1
978,Monday,pagi,0,0,0,1,0,0,1,0,0,0,0,1,0,1,0,0,0,0,0,0
1549,Monday,malam,0,1,0,1,0,1,0,0,0,0,0,0,0,1,0,1,0,0,0,1
3583,Sunday,pagi,0,0,0,1,0,0,0,0,0,0,1,0,0,0,0,1,0,0,0,0
1280,Wednesday,malam,0,0,0,0,1,0,0,0,0,0,1,0,0,0,1,1,0,0,0,1
2706,Wednesday,pagi,0,0,0,0,0,1,1,0,0,0,0,0,0,1,0,0,1,0,0,0
1556,Wednesday,pagi,0,1,0,1,0,0,0,0,0,0,0,0,0,0,1,1,0,0,0,0
983,Wednesday,pagi,0,0,1,1,0,0,0,0,0,0,0,0,0,0,0,1,0,0,0,0
985,Monday,pagi,1,0,0,1,0,0,0,0,0,0,0,0,0,0,1,1,0,0,0,1
657,Monday,siang,0,0,1,1,0,0,0,0,0,0,0,0,1,0,1,1,0,0,0,1
3586,Monday,siang,0,0,0,1,0,1,0,0,0,0,0,0,0,0,0,1,0,1,0,1
3585,Monday,siang,1,0,1,1,0,0,0,0,0,0,0,1,1,0,1,1,0,0,0,1
3587,Friday,malam,0,0,1,0,0,0,1,0,0,0,0,0,0,0,0,1,0,0,0,1
1561,Friday,sore,0,0,1,0,0,0,0,0,0,0,0,0,0,1,0,0,0,0,0,0
3590,Thursday,malam,0,0,1,0,0,1,0,0,0,0,0,0,0,1,0,1,0,0,0,1
3591,Friday,pagi,0,0,0,0,0,0,1,0,0,0,0,0,0,1,0,0,0,0,0,0
3592,Thursday,pagi,0,0,0,1,0,0,0,1,0,0,0,0,0,1,1,1,0,0,0,1
2709,Tuesday,malam,0,0,0,0,1,0,1,0,0,0,1,1,0,1,0,1,0,0,0,1
1207,Tuesday,siang,0,0,0,0,0,0,0,0,1,0,0,0,0,0,1,0,0,0,0,0
994,Monday,siang,1,0,0,0,1,0,0,0,0,0,0,0,0,0,1,1,0,0,0,0
996,Sunday,pagi,0,0,0,1,1,0,0,0,0,0,0,0,0,1,1,1,0,0,0,1
3595,Saturday,malam,0,0,1,0,0,0,0,0,0,0,0,0,0,1,0,1,0,0,0,0
998,Thursday,malam,0,0,0,0,0,0,0,0,0,0,1,0,0,0,0,1,0,0,0,1
1219,Wednesday,siang,0,0,0,0,0,0,0,1,0,0,0,0,0,1,0,0,0,0,0,0
672,Thursday,pagi,0,0,1,0,0,0,0,0,0,0,1,0,0,1,0,1,0,0,0,1
3598,Thursday,pagi,0,0,1,0,0,0,0,0,0,0,0,0,0,1,0,1,0,0,0,1
673,Wednesday,siang,0,0,0,1,0,0,1,0,1,0,0,0,0,1,0,0,0,0,0,1
674,Wednesday,pagi,0,0,0,0,0,0,0,0,0,0,0,1,1,0,0,1,0,0,0,1
1000,Monday,pagi,0,0,0,0,0,0,0,0,0,0,1,0,0,0,1,1,0,0,0,0
1577,Sunday,pagi,0,0,0,0,0,0,0,0,1,0,0,1,0,0,0,1,0,1,0,1
2966,Friday,sore,0,0,0,1,0,0,0,0,0,0,1,0,0,1,0,1,0,0,0,1
1224,Friday,pagi,0,0,0,0,1,0,1,0,0,0,0,0,0,0,1,0,0,0,0,0
1003,Thursday,sore,0,1,0,1,1,0,0,1,0,1,0,0,0,1,0,0,0,0,0,0
295,Wednesday,malam,0,0,0,1,1,0,0,0,0,0,1,0,0,0,1,1,0,0,0,1
2015,Saturday,malam,0,0,0,1,0,0,0,0,1,1,0,1,1,1,1,0,0,0,0,0
1170,Sunday,pagi,0,0,0,0,1,1,0,0,0,0,0,0,1,1,0,1,0,0,0,1
1009,Sunday,sore,0,0,1,0,0,0,0,0,0,0,0,0,0,0,1,0,0,0,0,0
679,Saturday,malam,0,0,0,1,0,0,0,0,0,0,0,0,0,1,1,1,0,0,0,1
2018,Wednesday,pagi,0,0,0,1,0,0,0,0,0,0,0,0,1,0,0,1,0,0,0,1
2717,Wednesday,pagi,0,0,0,1,0,0,0,0,0,0,0,0,0,1,0,0,0,0,0,0
310,Wednesday,siang,1,0,0,0,1,0,0,0,0,0,0,0,0,0,1,1,0,1,0,1
681,Wednesday,pagi,0,0,0,0,0,1,0,0,0,0,0,0,0,0,1,0,0,0,0,0
1015,Tuesday,pagi,0,0,0,1,0,0,0,0,0,0,0,0,0,0,0,1,0,0,0,0
682,Monday,pagi,0,0,1,0,1,0,0,0,0,0,0,0,0,1,0,1,0,0,0,1
1016,Sunday,pagi,0,0,0,0,0,0,0,1,0,0,0,0,0,0,1,1,0,0,0,1
1018,Wednesday,malam,0,0,0,0,0,0,0,0,0,0,1,0,0,1,0,0,0,0,0,0
2020,Tuesday,malam,0,0,0,0,0,0,0,0,1,0,1,0,0,1,0,1,0,0,0,1
3602,Thursday,malam,0,0,1,1,1,0,0,0,0,0,0,0,0,0,0,1,0,0,0,1
1025,Sunday,pagi,0,0,0,0,0,0,0,0,0,0,1,0,0,0,0,1,0,0,0,1
690,Thursday,malam,0,0,1,0,0,0,1,0,0,0,0,0,0,1,0,1,0,0,0,1
3604,Wednesday,malam,0,0,1,0,0,1,0,0,0,0,0,0,0,0,0,1,0,0,0,0
3606,Sunday,malam,0,1,1,0,0,0,0,0,0,0,0,0,0,0,0,1,0,0,0,0
1034,Thursday,malam,0,0,0,0,0,1,0,1,0,0,0,0,0,0,0,1,0,0,0,0
692,Friday,pagi,0,0,0,0,0,0,1,1,1,0,1,0,0,0,1,1,0,1,0,1
2987,Wednesday,malam,0,1,1,1,0,0,0,0,0,0,1,0,1,0,0,1,0,0,0,1
1037,Tuesday,pagi,0,0,0,0,0,1,1,1,0,0,1,1,1,1,0,0,0,0,1,1
338,Tuesday,pagi,0,0,1,1,1,0,0,0,0,0,0,0,0,1,0,1,0,0,0,1
3609,Monday,pagi,0,0,0,0,0,0,1,1,0,0,0,0,0,0,0,1,0,0,0,0
697,Sunday,malam,0,0,0,0,1,0,0,0,0,0,0,0,0,0,1,0,0,0,0,0
698,Sunday,malam,0,0,0,0,1,0,0,0,0,0,0,0,0,0,1,0,0,0,0,0
1040,Thursday,malam,0,0,0,0,0,0,0,0,0,0,0,1,0,1,0,0,0,0,0,0
1042,Tuesday,malam,0,0,1,0,0,0,0,0,0,0,0,0,0,0,0,1,0,0,0,1
3610,Thursday,malam,0,0,0,1,0,0,0,0,0,0,0,0,0,1,0,1,0,0,0,1
1043,Wednesday,malam,0,0,0,0,1,0,0,1,0,0,0,1,0,0,1,1,0,0,0,0
1044,Tuesday,malam,0,0,0,1,0,0,0,0,0,0,1,0,0,0,0,1,0,0,0,1
1046,Tuesday,pagi,0,1,0,0,0,0,0,0,0,0,0,0,0,0,0,1,0,0,0,0
1628,Tuesday,pagi,0,0,0,0,0,0,1,0,0,0,0,0,0,1,1,0,0,0,0,0
1047,Monday,pagi,0,0,1,0,0,0,0,1,0,0,0,1,0,0,0,1,0,0,0,1
1049,Sunday,pagi,0,0,0,0,1,0,0,0,1,0,0,0,0,1,1,0,0,0,0,0
1050,Thursday,pagi,0,0,0,0,0,0,1,0,0,0,0,0,0,1,0,1,0,0,0,1
2993,Wednesday,malam,0,0,1,0,0,0,1,1,1,0,0,0,0,0,0,1,0,0,0,1
1637,Friday,pagi,0,0,0,0,0,0,1,0,0,0,0,0,0,0,0,1,0,0,0,0
2735,Wednesday,pagi,0,0,0,1,0,1,0,0,0,0,0,0,0,1,1,1,0,0,0,1
1059,Monday,malam,0,0,0,1,0,0,0,0,0,0,0,0,0,1,0,1,0,0,0,1
2034,Tuesday,pagi,0,0,0,1,0,0,1,0,0,0,0,0,0,1,0,1,0,0,0,0
705,Tuesday,pagi,0,0,0,1,0,0,0,0,0,0,0,0,0,1,0,1,0,0,0,1
358,Monday,sore,0,0,0,0,0,0,0,1,0,0,0,0,0,0,1,0,0,0,0,0
1063,Friday,pagi,0,0,0,0,0,0,0,0,0,0,0,1,0,0,0,1,0,0,0,0
2036,Thursday,malam,0,0,0,1,0,0,0,1,0,0,0,0,0,1,1,0,0,0,0,1
1064,Tuesday,siang,0,0,1,0,1,0,0,0,1,0,0,0,0,1,0,1,0,0,0,0
2174,Wednesday,pagi,0,0,0,0,0,0,0,0,0,0,1,0,0,0,1,1,0,0,0,1
2741,Wednesday,pagi,0,0,0,0,0,0,0,1,0,0,0,0,0,1,0,0,0,0,0,0
1070,Monday,sore,0,0,0,1,0,0,0,0,0,0,0,0,1,0,1,1,0,0,0,1
3613,Sunday,pagi,0,0,1,0,0,0,0,0,0,0,0,0,0,1,0,1,0,0,0,0
715,Saturday,sore,0,1,0,0,0,0,0,1,0,0,0,0,1,0,1,1,0,0,0,0
1072,Wednesday,pagi,0,0,0,0,1,0,0,0,1,0,0,0,0,1,1,1,1,0,0,0
3614,Wednesday,malam,0,0,0,0,1,0,0,0,1,0,0,0,0,0,0,1,1,0,0,1
1073,Wednesday,pagi,0,0,1,0,0,0,0,0,0,0,0,0,0,0,0,1,0,0,0,1
2744,Saturday,malam,0,0,0,0,1,0,0,0,0,1,1,0,0,0,0,1,0,0,0,1
376,Friday,pagi,0,0,0,1,0,1,1,0,0,0,0,0,0,0,1,1,0,0,0,0
377,Friday,pagi,0,0,0,1,0,1,1,0,0,0,0,0,0,0,1,1,0,0,0,0
2044,Sunday,pagi,0,0,0,0,0,0,0,0,0,0,1,0,0,0,0,0,0,0,0,1
1076,Sunday,pagi,0,0,0,1,1,0,1,1,0,0,0,1,0,0,1,0,0,0,0,0
1079,Friday,sore,0,0,1,0,0,0,1,0,1,0,0,0,0,1,1,1,0,0,0,1
1081,Wednesday,pagi,0,0,1,0,0,0,1,0,0,0,0,0,0,0,1,0,0,0,0,0
3617,Monday,pagi,0,0,0,1,0,0,1,0,0,0,0,0,0,1,0,1,0,0,0,0
3620,Wednesday,sore,0,0,0,0,0,0,1,0,0,0,0,0,1,1,0,0,0,0,0,0
1088,Tuesday,pagi,0,0,0,0,0,1,0,0,0,0,0,0,0,0,1,1,0,0,0,1
1089,Tuesday,pagi,0,0,0,1,0,0,0,0,0,0,0,0,0,0,0,1,0,0,0,1
3623,Monday,pagi,0,0,0,1,1,0,0,0,0,0,0,0,0,0,1,0,0,0,0,0
1094,Friday,siang,0,0,0,0,1,0,0,0,1,0,0,0,0,0,1,0,0,0,0,0
2049,Wednesday,pagi,0,0,1,0,0,0,0,0,0,0,0,0,0,0,0,0,0,1,0,0
3624,Monday,malam,0,0,0,0,0,0,0,0,0,0,1,0,1,0,0,1,0,0,0,1
2756,Sunday,siang,0,0,0,1,0,0,0,0,0,0,0,0,0,0,1,0,0,0,0,0
1103,Sunday,pagi,0,0,0,0,1,0,0,0,0,0,0,0,0,0,0,1,0,0,0,0
3625,Thursday,malam,0,0,0,1,0,0,0,0,0,0,0,0,0,0,0,1,0,0,0,0
409,Friday,malam,0,0,0,0,0,1,0,0,0,0,0,0,0,1,0,0,0,0,0,1
1106,Thursday,pagi,0,0,0,1,0,0,0,0,0,0,0,0,0,0,0,1,0,0,0,0
1673,Thursday,siang,0,0,1,1,0,0,0,0,0,0,0,0,0,1,1,1,0,0,0,0
735,Thursday,siang,0,0,0,0,0,0,0,0,0,0,1,0,0,0,1,0,0,0,0,0
2763,Sunday,siang,0,0,1,0,0,0,1,0,0,0,0,0,0,0,1,1,0,0,0,0
744,Sunday,pagi,0,0,0,0,1,0,0,1,0,0,0,0,0,0,0,1,0,0,0,1
2055,Saturday,pagi,0,0,0,0,0,0,1,1,0,0,0,0,0,0,1,1,0,0,0,1
3627,Saturday,pagi,0,0,0,1,1,0,1,0,1,0,0,0,0,0,1,1,0,0,0,1
3628,Friday,pagi,0,0,0,1,0,1,0,0,0,0,0,0,0,1,0,0,0,0,0,0
2767,Wednesday,siang,0,0,0,1,1,0,1,0,0,0,0,0,0,1,0,1,0,0,0,0
2058,Monday,pagi,0,0,0,1,0,0,0,0,1,0,0,0,0,1,0,1,0,0,0,0
752,Monday,pagi,0,0,1,0,0,0,1,0,0,0,0,0,0,0,1,1,0,0,0,1
3630,Sunday,sore,0,0,0,1,0,0,1,0,1,0,0,0,0,1,1,0,0,0,0,0
754,Saturday,pagi,0,0,0,0,1,1,0,0,0,0,0,0,0,1,0,0,0,0,0,0
2772,Thursday,pagi,0,0,0,0,0,0,1,0,0,0,0,0,0,0,0,0,0,0,0,1
1675,Wednesday,pagi,0,0,0,0,0,0,0,0,1,0,0,0,1,0,0,1,0,0,0,1
2773,Wednesday,pagi,0,0,1,0,0,0,0,1,1,0,0,0,0,1,0,1,0,0,0,1
439,Tuesday,malam,0,0,0,0,0,0,0,0,0,1,1,1,1,0,1,0,0,0,0,0
3633,Monday,pagi,0,0,0,0,0,1,1,0,1,0,0,0,0,1,1,1,0,0,0,0
3013,Friday,pagi,0,0,0,0,0,0,0,1,0,0,0,0,0,1,1,0,0,0,0,0
2776,Thursday,pagi,0,0,0,0,0,0,0,0,0,0,1,1,0,1,1,0,0,0,0,0
765,Thursday,pagi,0,0,0,0,0,0,0,0,0,0,1,1,0,1,0,0,0,0,0,0
2779,Monday,siang,0,0,1,0,0,0,1,0,0,0,0,0,0,0,0,1,0,0,0,0
1120,Friday,pagi,0,0,0,1,0,0,0,1,0,0,0,0,1,1,1,1,0,0,0,1
3635,Saturday,malam,0,0,1,0,0,0,1,0,0,1,0,0,0,0,0,1,0,0,0,0
452,Friday,pagi,0,0,0,0,0,0,0,1,0,0,0,0,0,1,1,0,0,0,1,1
778,Friday,pagi,0,0,0,0,1,1,0,1,1,0,1,1,1,1,0,0,0,0,1,0
3637,Friday,pagi,0,0,0,0,1,0,0,0,1,0,0,0,0,0,1,1,0,0,0,1
2783,Wednesday,pagi,0,0,1,0,0,0,0,0,0,0,0,0,0,0,0,1,0,0,0,1
784,Tuesday,pagi,0,0,0,0,0,0,0,0,0,0,0,1,0,1,0,1,0,0,0,1
2197,Saturday,sore,0,0,0,0,0,1,0,0,0,1,0,0,1,0,0,1,1,0,0,0
788,Saturday,pagi,0,0,0,0,0,0,0,0,1,0,0,0,1,1,1,0,0,0,0,0
1686,Monday,pagi,0,0,0,1,0,0,0,0,1,0,0,0,1,0,1,0,0,0,0,0
1687,Saturday,malam,0,0,0,1,0,0,0,1,0,0,0,0,0,0,0,1,0,0,1,0
796,Monday,pagi,0,0,0,0,0,0,0,0,1,0,1,0,0,1,0,0,0,0,0,0
797,Monday,pagi,1,0,0,1,1,1,1,1,0,0,1,0,1,1,1,0,0,0,0,1
471,Monday,pagi,1,0,0,1,1,1,1,1,0,0,1,0,1,1,1,0,0,0,1,1
3640,Sunday,malam,0,0,0,0,0,0,0,0,1,1,0,0,1,0,0,1,0,0,0,1
472,Sunday,malam,0,0,0,0,0,0,0,0,0,0,0,0,1,0,0,1,0,1,0,1
3641,Friday,malam,0,0,0,0,0,0,0,0,0,0,1,0,1,0,0,1,1,0,0,1
1140,Saturday,malam,0,0,0,0,1,0,0,0,0,0,0,1,0,1,0,0,0,0,1,1
1141,Thursday,siang,0,0,0,0,1,1,0,0,0,0,0,0,0,1,1,0,0,0,0,0
802,Tuesday,pagi,1,0,0,0,1,0,0,0,1,0,0,0,1,1,0,1,0,0,0,1
2797,Monday,pagi,0,0,0,0,0,0,0,1,0,0,0,0,0,0,1,1,0,0,0,0
3645,Sunday,pagi,0,0,0,1,1,0,0,0,1,0,0,0,0,1,0,1,0,0,0,0
2078,Saturday,malam,0,0,0,0,0,0,0,1,1,0,0,0,0,0,1,0,0,0,0,0
809,Friday,pagi,0,0,1,0,0,0,0,0,0,0,0,0,0,0,1,1,0,0,0,1
1688,Friday,pagi,0,0,0,0,1,0,0,0,0,0,0,0,1,1,1,0,0,0,0,1
810,Thursday,sore,0,0,0,0,0,1,0,0,0,0,0,0,0,0,1,0,0,0,0,0
3649,Tuesday,malam,0,0,1,0,0,1,0,0,0,0,0,0,0,1,0,1,0,0,0,0
3026,Tuesday,siang,0,0,0,0,0,0,1,0,0,0,0,0,0,1,0,1,0,0,0,0
2079,Sunday,malam,0,0,0,0,0,1,0,0,0,0,0,0,0,0,0,1,0,0,0,1
3027,Monday,sore,0,0,0,0,0,0,0,0,0,0,0,1,0,0,1,0,0,0,0,0
3650,Tuesday,siang,0,0,0,0,0,0,1,0,0,0,0,0,0,1,0,1,0,0,0,1
3651,Monday,malam,0,0,0,0,0,0,1,0,0,0,0,0,0,1,0,1,0,0,0,1
2082,Sunday,pagi,0,0,0,0,1,0,0,0,0,0,0,0,0,0,1,0,0,0,0,0
3652,Sunday,malam,0,0,0,1,0,0,1,0,0,0,0,0,0,0,1,0,0,0,0,0
2083,Sunday,siang,0,0,0,0,0,0,0,0,1,0,1,0,1,0,1,0,0,1,0,1
3654,Friday,malam,0,1,1,0,0,0,0,0,0,0,0,0,0,1,0,1,0,0,0,0
498,Thursday,pagi,0,1,0,0,0,0,1,0,0,1,0,0,0,1,1,0,0,0,0,1
3656,Friday,pagi,0,0,0,0,0,0,0,0,0,0,1,0,0,1,0,1,0,0,0,1
499,Thursday,sore,0,1,0,0,0,0,1,0,0,1,0,0,0,1,0,0,0,0,0,1
2647,Wednesday,pagi,0,0,0,0,1,0,0,0,0,0,0,0,1,0,1,1,0,0,0,1
1157,Thursday,malam,0,0,0,0,1,0,0,0,0,0,0,0,0,0,0,1,0,0,0,0
3658,Thursday,sore,1,0,1,1,0,1,0,0,1,0,1,0,0,0,1,0,0,0,0,0
